ISIN,Name,Mkt,Industry,Year,ES643,IS010,ES644,ES645,ES646
CNE100004ZD8,ACM RESEARCH S-A,"4,885,443,926.00",Semiconductors,2023,No data,3888.342742,No data,No data,No data
US00108J1097,ACM RESEARCH-A,"1,474,910,952.00",Semiconductors,2023,No data,557.723,No data,No data,No data
US0079031078,ADV MICRO DEVICE,"241,546,435,400.00",Semiconductors,2023,50.0,22680.0,2020.0,0.061754,2030.0
TW0003438008,ADVANCED ANALOG,"98,788,154.60",Semiconductors,2023,No data,879.686,No data,No data,No data
CNE100003MM9,ADVANCED MICRO-A,"11,573,338,720.00",Semiconductors,2023,No data,6263.513581,No data,No data,No data
TW0003437000,ADVANCED OPTOELE,"110,869,728.80",Semiconductors,2023,No data,1972.624,No data,No data,No data
TW0008261009,ADVANCED POWER,"283,204,361.20",Semiconductors,2023,No data,2851.162,No data,No data,No data
JP3122400009,ADVANTEST CORP,"25,184,853,120.00",Semiconductors,2023,60.0,486507.0,2018.0,0.038131,2030.0
DE000A0WMPJ6,AIXTRON SE,"2,320,657,495.20",Semiconductors,2023,90.0,629.879,2019.0,0.007411,2025.0
KYG022421088,ALCHIP TECH,"6,107,526,886.00",Semiconductors,2023,No data,30481.576,No data,No data,No data
TW0003041000,ALI CORP,"122,241,941.60",Semiconductors,2023,No data,1445.754,No data,No data,No data
CNE100001ZN3,ALL WINNER TEC-A,"1,684,579,116.00",Semiconductors,2023,No data,1672.993031,No data,No data,No data
US01749D1054,ALLEGRO MICROSYS,"5,272,966,470.00",Semiconductors,2023,No data,1049.367,No data,No data,No data
BMG6331P1041,ALPHA & OMEGA SE,"802,861,587.80",Semiconductors,2023,No data,691.321,No data,No data,No data
GB00BNDRMJ14,ALPHAWAVE IP,"1,327,169,384.00",Semiconductors,2023,No data,321.724,No data,No data,No data
KYG037AX1015,AMBARELLA INC,"2,174,945,044.00",Semiconductors,2023,No data,226.474,No data,No data,No data
US0316521006,AMKOR TECH INC,"8,070,878,490.00",Semiconductors,2023,No data,6503.065,No data,No data,No data
CNE100003LZ3,AMLOGIC SHANGH-A,"3,217,425,922.00",Semiconductors,2023,No data,5370.943247,No data,No data,No data
TW0002493004,AMPOC FAR-EAST,"309,774,104.60",Semiconductors,2023,No data,3354.285,No data,No data,No data
AT0000A18XM4,AMS-OSRAM AG,"1,335,355,852.09",Semiconductors,2023,100.0,3590.0,2021.0,0.3083,2030.0
US0323325045,AMTECH SYS INC,"78,614,907.06",Semiconductors,2023,No data,113.315,No data,No data,No data
US0326541051,ANALOG DEVICES,"108,535,098,000.00",Semiconductors,2023,50.0,12305.539,2019.0,0.34992,2030.0
TW0006291008,ANALOG INTEGRA,"189,890,158.80",Semiconductors,2023,No data,2168.271,No data,No data,No data
TW0006533003,ANDES TECH,"617,501,435.20",Semiconductors,2023,No data,1057.818,No data,No data,No data
TW0006138001,ANPEC ELEC,"473,736,590.20",Semiconductors,2023,No data,5416.25,No data,No data,No data
JP3105280006,AOI ELECTRONICS,"182,226,438.80",Semiconductors,2023,No data,33941.324,No data,No data,No data
TW0006531007,AP MEMORY TECH,"1,646,980,158.00",Semiconductors,2023,No data,4226.907,No data,No data,No data
TW0008271008,APACER TECH,"252,141,995.60",Semiconductors,2023,3.0,7631.446,2021.0,0.00256878,2025.0
TW0006449002,APAQ TECH,"319,941,618.00",Semiconductors,2023,No data,2934.913,No data,No data,No data
US0382221051,APPLIED MATERIAL,"183,821,801,000.00",Semiconductors,2023,50.0,26517.0,2019.0,0.143642,2030.0
TW0003264008,ARDENTEC,"1,069,135,670.00",Semiconductors,2023,100.0,14052.235,2020.0,0.063269,2050.0
NO0010946593,ARGEO AS,"62,754,371.22",Semiconductors,2023,No data,106.9755729,No data,No data,No data
US04302A1043,ARTERIS INC,"292,375,591.00",Semiconductors,2023,No data,53.666,No data,No data,No data
TW0003711008,ASE TECHNOLOGY H,"20,811,298,960.00",Semiconductors,2023,35.0,581914.471,2016.0,1.763221,2030.0
TW0003169009,ASIX ELEC,"249,368,102.80",Semiconductors,2023,No data,887.618,No data,No data,No data
NL0000334118,ASM INTL NV,"33,403,812,738.40",Semiconductors,2023,90.0,2634.331,2021.0,0.008347,2035.0
TW0005269005,ASMEDIA TECH,"4,097,912,582.00",Semiconductors,2023,No data,6401.267,No data,No data,No data
NL0010273215,ASML HOLDING NV,"380,804,102,834.00",Semiconductors,2023,25.20000076,27558.5,2019.0,0.0394,2025.0
KYG0535Q1331,ASMPT LTD,"4,959,380,132.00",Semiconductors,2023,100.0,14697.489,2020.0,0.146553688,2035.0
TW0005274005,ASPEED TECH,"5,107,981,532.00",Semiconductors,2023,42.0,3130.395,2021.0,0.00031021,2030.0
US04965B1008,ATOMERA INC,"97,751,683.20",Semiconductors,2023,No data,0.55,No data,No data,No data
KR7017900002,AUK CORP,"84,777,192.16",Semiconductors,2023,No data,125705.28,No data,No data,No data
US0545402085,AXCELIS TECH INC,"4,291,954,234.00",Semiconductors,2023,No data,1130.604,No data,No data,No data
JP3108080007,AXELL CORP,"94,789,001.20",Semiconductors,2023,No data,17570.0,No data,No data,No data
US00246W1036,AXT INC,"151,457,537.60",Semiconductors,2023,No data,75.795,No data,No data,No data
NL0012866412,BE SEMICONDUCTOR,"12,464,138,956.80",Semiconductors,2023,No data,578.862,No data,No data,No data
TW0003031001,BRIGHT LED,"106,829,453.00",Semiconductors,2023,No data,1132.587,No data,No data,No data
US11135F1012,BROADCOM INC,"730,436,630,000.00",Semiconductors,2023,38.0,35819.0,2021.0,0.303495,2030.0
CNE100001XM0,CANMAX TECHNOL-A,"2,045,446,868.00",Semiconductors,2023,No data,10467.71668,No data,No data,No data
DE000A1TNMM9,CENTROTHERM INTE,"88,881,996.00",Semiconductors,2023,No data,151.244,No data,No data,No data
US1572101053,CEVA INC,"452,919,309.80",Semiconductors,2023,No data,97.419,No data,No data,No data
TW0003257002,CHAMPION MICRO,"140,262,898.80",Semiconductors,2023,No data,1073.89,No data,No data,No data
TW0008070004,CHANG WAH ELEC,"1,025,723,500.00",Semiconductors,2023,No data,16490.002,No data,No data,No data
TW0006548001,CHANG WAH TECH,"1,146,473,820.00",Semiconductors,2023,No data,11581.245,No data,No data,No data
TW0001597003,CHIEFTEK,"173,547,743.20",Semiconductors,2023,No data,1074.754,No data,No data,No data
CNE100003S06,CHINA RESOURCE-A,"6,728,886,350.00",Semiconductors,2023,No data,9900.603859,No data,No data,No data
TW0008084005,CHIP HOPE,"186,162,039.40",Semiconductors,2023,No data,888.283,No data,No data,No data
TW0006147002,CHIPBOND TECH,"1,469,350,082.00",Semiconductors,2023,No data,20056.388,No data,No data,No data
TW0008150004,CHIPMOS TECH,"932,822,390.80",Semiconductors,2023,No data,21356.228,No data,No data,No data
US1727551004,CIRRUS LOGIC INC,"6,196,426,038.00",Semiconductors,2023,90.0,1788.89,2021.0,0.007786,2030.0
GB0001602944,CML MICROSYSTEMS,"67,654,011.72",Semiconductors,2023,No data,20.643,No data,No data,No data
US19247G1076,COHERENT CORP,"10,105,362,500.00",Semiconductors,2023,No data,5160.1,No data,No data,No data
US1925761066,COHU INC,"1,402,928,060.00",Semiconductors,2023,No data,636.322,No data,No data,No data
KYG234201138,COMTEC SOLAR,"19,402,763.30",Semiconductors,2023,No data,144.645,No data,No data,No data
TW0002466000,COSMO ELEC,"185,749,880.80",Semiconductors,2023,No data,1053.42,No data,No data,No data
MYL7204OO000,D&O GREEN TECH,"966,983,890.00",Semiconductors,2023,No data,1016.614,No data,No data,No data
JP3487600003,DAITRON CO LTD,"197,246,395.40",Semiconductors,2023,No data,92156.38,No data,No data,No data
CNE000000X87,DATANG TELECOM-A,"872,130,401.40",Semiconductors,2023,No data,1024.930433,No data,No data,No data
TW0003094009,DAVICOM SEMI,"75,998,027.06",Semiconductors,2023,No data,242.572,No data,No data,No data
KR7000990002,DB HITEK CO LTD,"1,215,363,186.00",Semiconductors,2023,No data,1154223.639,No data,No data,No data
US2545431015,DIODES INC,"3,181,686,818.00",Semiconductors,2023,No data,1661.739,No data,No data,No data
JP3548600000,DISCO CORP,"41,276,328,620.00",Semiconductors,2023,100.0,307554.0,2020.0,1.128182,2050.0
CNE100001RT7,EAST GROUP CO-A,"1,292,561,146.00",Semiconductors,2023,No data,4792.586696,No data,No data,No data
TW0003048005,EDOM TECH,"286,474,526.60",Semiconductors,2023,No data,107195.148,No data,No data,No data
TW0002458007,ELAN,"1,413,404,926.00",Semiconductors,2023,No data,12058.515,No data,No data,No data
TW0003450003,ELITE ADVANCED,"401,504,160.00",Semiconductors,2023,No data,5399.197,No data,No data,No data
TW0003006003,ELITE SEMICONDUC,"817,639,483.00",Semiconductors,2023,No data,11884.121,No data,No data,No data
DE0005677108,ELMOS SEMICONDUC,"1,424,850,000.00",Semiconductors,2023,No data,575.013,No data,No data,No data
TW0003529004,EMEMORY TECH,"5,801,716,420.00",Semiconductors,2023,No data,3050.325,No data,No data,No data
TW0003714002,ENNOSTAR INC,"947,301,214.00",Semiconductors,2023,No data,22305.68,No data,No data,No data
US29362U1043,ENTEGRIS INC,"19,353,883,720.00",Semiconductors,2023,No data,3523.926,No data,No data,No data
KR7039030002,EO TECHNICS CO,"1,565,735,380.00",Semiconductors,2023,5.0,316384.019,2021.0,0.005663666,2023.0
TW0003016002,EPISIL-PRECISION,"531,823,849.40",Semiconductors,2023,No data,4236.502,No data,No data,No data
TW0005351001,ETRON TECH,"439,780,703.00",Semiconductors,2023,1.0,2661.968,2021.0,0.03971932,2022.0
KR7084370006,EUGENE TECHNOLOG,"811,169,247.20",Semiconductors,2023,No data,276533.35,No data,No data,No data
TW0002393006,EVERLIGHT ELEC,"972,226,996.00",Semiconductors,2023,No data,17845.424,No data,No data,No data
TW0006288004,EXCELLENCE OPTO,"183,976,010.00",Semiconductors,2023,No data,4325.353,No data,No data,No data
TW0003035002,FARADAY TECH,"2,314,592,976.00",Semiconductors,2023,No data,11965.574,No data,No data,No data
TW0004961008,FITIPOWER,"966,815,662.00",Semiconductors,2023,No data,16286.52,No data,No data,No data
TW0003545000,FOCALTECH SYSTEM,"577,016,432.40",Semiconductors,2023,No data,13568.371,No data,No data,No data
US3463751087,FORMFACTOR INC,"4,165,829,964.00",Semiconductors,2023,No data,663.102,No data,No data,No data
TW0008131004,FORMOSA ADVANCED,"493,135,147.80",Semiconductors,2023,No data,7648.594,No data,No data,No data
TW0003532008,FORMOSA SUMCO,"1,944,014,730.00",Semiconductors,2023,97.0,14876.233,2020.0,0.241592,2050.0
TW0003413001,FOXSEMICON,"940,254,330.00",Semiconductors,2023,No data,13051.357,No data,No data,No data
CNE100004PM0,GALAXYCORE IN-A,"4,612,596,802.00",Semiconductors,2023,No data,4697.177723,No data,No data,No data
KYG3790U1040,GEM SERVICES,"246,054,011.20",Semiconductors,2023,No data,4418.989,No data,No data,No data
TW0004952007,GENERALPLUS TECH,"216,595,419.20",Semiconductors,2023,No data,2167.031,No data,No data,No data
CNE1000030S9,GIGADEVICE SEM-A,"7,645,420,532.00",Semiconductors,2023,No data,5760.823415,No data,No data,No data
TW0008081001,GLOBAL MIXED-MOD,"779,200,319.60",Semiconductors,2023,No data,7910.87,No data,No data,No data
TW0003443008,GLOBAL UNICHIP,"6,000,851,642.00",Semiconductors,2023,25.0,26240.714,2022.0,0.01048149,2030.0
TW0006488000,GLOBAL WAFERS,"7,500,136,962.00",Semiconductors,2023,10.0,70651.593,2020.0,0.590761188,2030.0
KYG393871085,GLOBALFOUNDRIES,"25,237,097,260.00",Semiconductors,2023,25.0,7392.0,2020.0,2.325696,2030.0
TW0003188009,GOLDEN LONG TENG,"174,658,048.00",Semiconductors,2023,No data,2047.441,No data,No data,No data
TW0002441003,GREATEK ELEC,"1,030,387,154.00",Semiconductors,2023,No data,13570.076,No data,No data,No data
CNE000000YF5,GRINM ADVANCE-A,"1,067,537,504.00",Semiconductors,2023,No data,10822.05935,No data,No data,No data
US36241U1060,GSI TECHNOLOGY,"62,784,932.64",Semiconductors,2023,No data,21.765,No data,No data,No data
JP3771800004,HAMAMATSU PHOTON,"4,489,052,028.00",Semiconductors,2023,30.0,221445.0,2019.0,0.062742,2031.0
CNE100002Q09,HANGZHOU CHANG-A,"2,544,775,610.00",Semiconductors,2023,No data,1775.05486,No data,No data,No data
CNE100004314,HANGZHOU LION-A,"2,128,215,044.00",Semiconductors,2023,No data,2689.669885,No data,No data,No data
CNE000001DN1,HANGZHOU SILAN-A,"3,967,573,266.00",Semiconductors,2023,No data,9339.537963,No data,No data,No data
KR7042700005,HANMI SEMICON,"12,359,991,540.00",Semiconductors,2023,No data,159008.528,No data,No data,No data
TW0006168008,HARVATEK,"140,496,548.80",Semiconductors,2023,No data,2033.098,No data,No data,No data
DE000HAG0005,HENSOLDT AG,"3,640,560,000.00",Semiconductors,2023,No data,1847.0,No data,No data,No data
TW0006202005,HOLTEK SEMI,"396,604,986.80",Semiconductors,2023,No data,2596.067,No data,No data,No data
CNE100002V10,HOSHINE SILICO-A,"7,262,187,802.00",Semiconductors,2023,No data,26583.56297,No data,No data,No data
HK0000218211,HUA HONG SEMI,"5,665,881,656.00",Semiconductors,2023,No data,2286.113,No data,No data,No data
TW0002486008,I-CHIUN PREC IND,"801,966,241.00",Semiconductors,2023,No data,5068.696,No data,No data,No data
TW0008040007,IC PLUS,"179,013,284.00",Semiconductors,2023,No data,717.97,No data,No data,No data
US4532041096,IMPINJ INC,"3,998,779,560.00",Semiconductors,2023,No data,307.539,No data,No data,No data
MYQ0166OO007,INARI AMERTRON B,"2,902,521,798.00",Semiconductors,2023,No data,1354.003,No data,No data,No data
CH0011029946,INFICON-REG,"3,689,025,082.00",Semiconductors,2023,No data,673.713,No data,No data,No data
DE0006231004,INFINEON TECH,"47,633,473,472.08",Semiconductors,2023,No data,16309.0,No data,No data,No data
CNE100001377,INGENIC SEMICO-A,"3,726,801,614.00",Semiconductors,2023,No data,4530.925656,No data,No data,No data
US4581401001,INTEL CORP,"121,183,974,400.00",Semiconductors,2023,100.0,54228.0,2019.0,1.6069,2040.0
US45817G2012,INTELLICHECK INC,"66,774,272.74",Semiconductors,2023,No data,18.906,No data,No data,No data
JP3152720003,INTER ACTION,"103,943,408.20",Semiconductors,2023,No data,6856.988,No data,No data,No data
US4611471008,INTEST CORP,"113,226,790.00",Semiconductors,2023,No data,123.302,No data,No data,No data
US44980X1090,IPG PHOTONICS,"3,698,343,044.00",Semiconductors,2023,No data,1287.439,No data,No data,No data
GB0009619924,IQE PLC,"325,080,048.80",Semiconductors,2023,No data,115.252,No data,No data,No data
TW0003014007,ITE TECH,"807,383,182.60",Semiconductors,2023,No data,6276.443,No data,No data,No data
JP3735300000,JAPAN ELECT MAT,"247,913,865.20",Semiconductors,2023,No data,17461.0,No data,No data,No data
JP3389680004,JAPAN MATERIAL,"1,170,081,816.00",Semiconductors,2023,No data,48592.0,No data,No data,No data
CNE000001F05,JCET GROUP CO-A,"6,711,951,398.00",Semiconductors,2023,No data,29660.96088,No data,No data,No data
CNE000000N97,JIANGSU ZONGYI-A,"440,398,473.60",Semiconductors,2023,No data,321.676194,No data,No data,No data
TW0005285001,JIH LIN TECH,"207,237,269.40",Semiconductors,2023,No data,5131.552,No data,No data,No data
CNE0000017L3,JILIN SINO-MIC-A,"351,292,775.00",Semiconductors,2023,No data,1741.756018,No data,No data,No data
TW0006552003,JMC ELEC,"142,670,428.40",Semiconductors,2023,No data,1765.433,No data,No data,No data
TW0002375003,KAIMEI ELECTRONI,"221,966,565.40",Semiconductors,2023,No data,4810.823,No data,No data,No data
JP3281610000,KEIWA INC,"192,028,523.60",Semiconductors,2023,No data,17570.052,No data,No data,No data
TW0002449006,KING YUAN ELEC,"3,345,213,780.00",Semiconductors,2023,100.0,33025.307,2021.0,0.484868,2050.0
US4824801009,KLA CORP,"104,446,223,000.00",Semiconductors,2023,50.0,10496.056,2021.0,0.048321,2030.0
US5012421013,KULICKE & SOFFA,"2,390,174,078.00",Semiconductors,2023,No data,742.491,No data,No data,No data
US5128071082,LAM RESEARCH,"126,889,707,400.00",Semiconductors,2023,60.59999847,17428.516,2019.0,0.161609,2030.0
JP3979200007,LASERTEC CORP,"21,034,294,520.00",Semiconductors,2023,No data,152832.0,No data,No data,No data
TW0003346003,LASTER TECH,"141,724,613.20",Semiconductors,2023,No data,8473.012,No data,No data,No data
US5184151042,LATTICE SEMICOND,"7,959,866,702.00",Semiconductors,2023,No data,737.154,No data,No data,No data
TW0003588000,LEADTREND TECH,"146,336,864.20",Semiconductors,2023,No data,1141.594,No data,No data,No data
KR7058470006,LEENO INDUSTRIAL,"2,713,115,762.00",Semiconductors,2023,No data,255573.035,No data,No data,No data
TW0002472008,LELON ELEC,"386,438,408.00",Semiconductors,2023,No data,8998.265,No data,No data,No data
TW0002369006,LINGSEN,"245,423,156.20",Semiconductors,2023,No data,5660.171,No data,No data,No data
TW0004979000,LUXNET,"594,041,106.00",Semiconductors,2023,No data,2956.487,No data,No data,No data
US55405Y1001,MACOM TECHNOLOGY,"7,061,884,330.00",Semiconductors,2023,No data,648.407,No data,No data,No data
TW0002337003,MACRONIX INTL,"1,407,358,064.00",Semiconductors,2023,No data,27623.608,No data,No data,No data
US55933J2033,MAGNACHIP SEMICO,"174,533,746.20",Semiconductors,2023,No data,230.051,No data,No data,No data
MYL3867OO008,MALAYSIAN PAC IN,"1,574,679,502.00",Semiconductors,2023,No data,2044.6,No data,No data,No data
US5738741041,MARVELL TECHNOLO,"58,951,109,980.00",Semiconductors,2023,No data,5507.7,No data,No data,No data
US57776J1007,MAXLINEAR,"1,409,320,724.00",Semiconductors,2023,No data,693.263,No data,No data,No data
CNE100003QK4,MAXSCEND MICRO-A,"6,352,644,428.00",Semiconductors,2023,No data,4378.236624,No data,No data,No data
TW0003527008,MBI,"116,329,662.00",Semiconductors,2023,No data,1856.324,No data,No data,No data
TW0002454006,MEDIATEK,"63,992,622,760.00",Semiconductors,2023,No data,433446.33,No data,No data,No data
JP3920860008,MEGACHIPS CORP,"524,801,265.00",Semiconductors,2023,No data,57942.966,No data,No data,No data
BE0165385973,MELEXIS NV,"3,324,920,000.00",Semiconductors,2023,No data,964.297902,No data,No data,No data
US5950171042,MICROCHIP TECH,"46,569,622,640.00",Semiconductors,2023,50.0,7634.4,2018.0,0.858285,2030.0
US5951121038,MICRON TECH,"148,142,511,400.00",Semiconductors,2023,100.0,15540.0,2020.0,7.141289,2050.0
JP3750400008,MICRONICS JAPAN,"1,450,555,276.00",Semiconductors,2023,No data,38292.0,No data,No data,No data
JP3910570005,MIRAIAL CO LTD,"97,401,208.20",Semiconductors,2023,No data,13256.567,No data,No data,No data
TW0002464005,MIRLE AUTOMATION,"364,346,333.20",Semiconductors,2023,No data,8812.743,No data,No data,No data
US55306N1046,MKS INSTRUMENTS,"8,527,243,670.00",Semiconductors,2023,No data,3622.0,No data,No data,No data
CNE100001X19,MLS CO LTD-A,"1,571,455,132.00",Semiconductors,2023,No data,17535.67555,No data,No data,No data
US6098391054,MONOLITHIC POWER,"37,164,369,000.00",Semiconductors,2023,No data,1821.072,No data,No data,No data
CNE100003MN7,MONTAGE TECHNO-A,"7,748,404,106.00",Semiconductors,2023,No data,2285.738498,No data,No data,No data
TW0002434008,MOSPEC SEMI,"35,273,953.58",Semiconductors,2023,No data,63.079,No data,No data,No data
DE0006627201,MUEHLBAUER HOLDI,"786,407,261.70",Semiconductors,2023,No data,324.472773,No data,No data,No data
SE0000375115,MYCRONIC AB,"3,742,213,168.00",Semiconductors,2023,No data,5706.0,No data,No data,No data
US63010N1054,NANO MAGIC INC,"10,650,047.38",Semiconductors,2023,No data,2.78239,No data,No data,No data
TW0002408002,NANYA TECH,"5,908,111,284.00",Semiconductors,2023,90.0,29892.306,2020.0,0.469744,2050.0
CNE1000040F5,NATIONAL SILIC-A,"5,254,844,576.00",Semiconductors,2023,No data,3190.301295,No data,No data,No data
CNE100000ML7,NAURA TECH GR -A,"22,445,633,980.00",Semiconductors,2023,No data,22079.45809,No data,No data,No data
US64118P1093,NETLIST INC,"366,669,748.80",Semiconductors,2023,No data,69.205,No data,No data,No data
TW0003317004,NIKO SEMI,"112,895,007.00",Semiconductors,2023,No data,2464.539,No data,No data,No data
JP3686200001,NIPPON AVIONICS,"185,857,359.80",Semiconductors,2023,No data,18055.0,No data,No data,No data
JP3725200004,NIPPON CERAMIC,"405,917,341.20",Semiconductors,2023,No data,24449.0,No data,No data,No data
JP3701200002,NIPPON CHEMI-CON,"206,080,234.60",Semiconductors,2023,No data,150740.0,No data,No data,No data
NO0003055501,NORDIC SEMICOND,"2,489,961,320.00",Semiconductors,2023,100.0,542.869,2019.0,0.00071748,2025.0
IL0010845571,NOVA LTD,"6,441,805,268.00",Semiconductors,2023,No data,517.922,No data,No data,No data
TW0003034005,NOVATEK,"10,688,365,980.00",Semiconductors,2023,20.0,110428.698,2022.0,0.01857017,2030.0
TW0004919006,NUVOTON TECH,"1,509,780,878.00",Semiconductors,2023,45.0,35348.149,2010.0,0.084697109,2030.0
US6294452064,NVE CORP,"344,688,891.40",Semiconductors,2023,No data,29.804179,No data,No data,No data
US67066G1040,NVIDIA CORP,"2,979,887,986,000.00",Semiconductors,2023,100.0,60922.0,2020.0,0.065936,2025.0
NL0009538784,NXP SEMICONDUCTO,"65,826,868,720.00",Semiconductors,2023,No data,13276.0,No data,No data,No data
JP3193600008,OKAYA ELECTRIC,"33,636,440.92",Semiconductors,2023,No data,14323.537,No data,No data,No data
US6821891057,ON SEMICONDUCTOR,"30,173,187,160.00",Semiconductors,2023,100.0,8253.0,2022.0,3.598865,2040.0
US6833441057,ONTO INNOVATION,"10,296,581,660.00",Semiconductors,2023,No data,815.868,No data,No data,No data
TW0002329000,ORIENT SEMI,"951,796,640.00",Semiconductors,2023,0.800000012,16690.436,2021.0,0.084105453,2023.0
JP3200400004,ORIGIN CO LTD,"52,861,723.68",Semiconductors,2023,No data,28205.0,No data,No data,No data
DE000LED4000,OSRAM LICHT AG,"4,755,240,433.40",Semiconductors,2023,99.0,4819.0,2019.0,0.265,2030.0
US68989M2026,OUSTER INC,"445,920,090.40",Semiconductors,2023,No data,83.279,No data,No data,No data
TW0002481009,PAN JIT INTL,"644,681,472.40",Semiconductors,2023,8.0,12707.319,2022.0,0.02598508,2021.0
US7013543001,PARKERVISION,"11,382,213.02",Semiconductors,2023,No data,25.0,No data,No data,No data
US71360T2006,PERASO INC,"3,613,873.90",Semiconductors,2023,No data,13.749,No data,No data,No data
TW0008299009,PHISON ELEC,"3,697,473,866.00",Semiconductors,2023,No data,48221.63,No data,No data,No data
US7194051022,PHOTRONICS INC,"1,498,687,176.00",Semiconductors,2023,No data,892.076,No data,No data,No data
CNE100005998,PIOTECH INC-A,"5,190,039,412.00",Semiconductors,2023,No data,2704.974035,No data,No data,No data
US72581M3051,PIXELWORKS INC,"54,837,094.24",Semiconductors,2023,No data,59.677,No data,No data,No data
US7392761034,POWER INTEGRATIO,"3,943,320,396.00",Semiconductors,2023,No data,444.538,No data,No data,No data
TW0006770001,POWERCHIP SEMICO,"3,133,358,652.00",Semiconductors,2023,No data,44022.552,No data,No data,No data
TW0006239007,POWERTECH,"4,155,979,280.00",Semiconductors,2023,15.0,70440.945,2018.0,0.421466906,2030.0
TW0006173008,PROSPERITY,"243,727,791.80",Semiconductors,2023,No data,3653.839,No data,No data,No data
DE0007461006,PVA TEPLA AG,"367,792,297.08",Semiconductors,2023,No data,263.446,No data,No data,No data
US74736K1016,QORVO INC,"10,131,531,300.00",Semiconductors,2023,7.5,3769.506,2019.0,0.345286,2022.0
US7475251036,QUALCOMM INC,"227,178,829,600.00",Semiconductors,2023,100.0,35820.0,2020.0,3.067785,2040.0
US74837P4054,QUICKLOGIC CORP,"156,376,337.40",Semiconductors,2023,No data,21.198,No data,No data,No data
US7509171069,RAMBUS INC,"5,736,677,606.00",Semiconductors,2023,No data,461.117,No data,No data,No data
TW0002379005,REALTEK SEMI,"8,489,747,518.00",Semiconductors,2023,50.0,95179.276,2021.0,0.024921,2030.0
TW0002302007,RECTRON,"88,160,444.16",Semiconductors,2023,No data,716.545,No data,No data,No data
JP3164720009,RENESAS ELECTRON,"34,363,185,880.00",Semiconductors,2023,38.0,1469415.0,2021.0,0.979839,2030.0
US7631651079,RICHARDSON ELEC,"157,733,376.60",Semiconductors,2023,No data,262.658,No data,No data,No data
TW0004968003,RICHWAVE TECH,"534,387,457.20",Semiconductors,2023,No data,2984.581,No data,No data,No data
TW0008104001,RITDISPLAY,"91,480,049.90",Semiconductors,2023,No data,2682.217,No data,No data,No data
ES0105225009,ROBOT SA,"3,876,656.88",Semiconductors,2023,No data,5.192265,No data,No data,No data
CNE100003RK2,ROCKCHIP ELEC-A,"3,184,303,698.00",Semiconductors,2023,No data,2134.522147,No data,No data,No data
JP3982800009,ROHM CO LTD,"5,129,253,028.00",Semiconductors,2023,100.0,467780.0,2018.0,0.99163,2050.0
JP3982200002,RORZE CORP,"3,217,407,230.00",Semiconductors,2023,No data,93247.0,No data,No data,No data
JP3976200000,RYODEN CORP,"347,694,565.00",Semiconductors,2023,100.0,259008.0,2019.0,0.0016328,2031.0
JP3975410006,RYOYO RYOSAN HOL,"1,040,228,492.00",Semiconductors,2023,No data,325657.0,No data,No data,No data
JP3322950001,SAMCO INC,"185,401,275.00",Semiconductors,2023,No data,7830.591,No data,No data,No data
CNE000000KB3,SANAN OPTOELEC-A,"8,097,150,096.00",Semiconductors,2023,No data,14052.75196,No data,No data,No data
JP3329600005,SANKEN ELECTRIC,"983,087,048.00",Semiconductors,2023,No data,235221.0,No data,No data,No data
DE0005156236,SCHWEIZER ELECTR,"20,979,000.00",Semiconductors,2023,No data,139.439,No data,No data,No data
TW0003583001,SCIENTECH,"811,058,964.40",Semiconductors,2023,No data,6911.981,No data,No data,No data
JP3494600004,SCREEN HOLDINGS,"8,980,945,240.00",Semiconductors,2023,30.0,504916.0,2018.0,0.050566,2030.0
TW0002351004,SDI,"791,918,356.40",Semiconductors,2023,No data,10856.531,No data,No data,No data
JP3418400002,SEIWA ELECTRIC,"43,731,055.52",Semiconductors,2023,No data,23760.63,No data,No data,No data
US8168501018,SEMTECH CORP,"1,795,833,900.00",Semiconductors,2023,No data,868.758,No data,No data,No data
CH0406705126,SENSIRION HOLDIN,"1,277,626,238.00",Semiconductors,2023,No data,233.167,No data,No data,No data
KR7046890000,SEOUL SEMICON,"375,033,484.20",Semiconductors,2023,No data,1032380.636,No data,No data,No data
US8173232070,SEQUANS COMM-ADR,"34,732,820.18",Semiconductors,2023,No data,33.616,No data,No data,No data
CNE100002NT4,SG MICRO CORP-A,"4,771,282,536.00",Semiconductors,2023,No data,2615.716404,No data,No data,No data
CNE000000XB6,SHANG BELLING-A,"1,739,561,634.00",Semiconductors,2023,No data,2137.110753,No data,No data,No data
CNE100000510,SHANGHAI FUDAN-H,"2,789,809,038.00",Semiconductors,2023,No data,3536.259424,No data,No data,No data
CNE100002G84,SHENZHEN GOODI-A,"4,009,798,494.00",Semiconductors,2023,No data,4408.05232,No data,No data,No data
CNE100000Q50,SHENZHEN MTC -A,"2,863,072,332.00",Semiconductors,2023,No data,17167.02345,No data,No data,No data
JP3355000005,SHIBAURA MECH,"634,188,718.20",Semiconductors,2023,50.0,67556.0,2019.0,0.0057,2030.0
JP3371600002,SHIN-ETSU POLYME,"700,971,495.80",Semiconductors,2023,No data,104379.0,No data,No data,No data
JP3375800004,SHINKO ELEC INDU,"4,527,735,122.00",Semiconductors,2023,No data,209972.0,No data,No data,No data
KYG811801045,SHUNSIN TECH,"658,173,358.00",Semiconductors,2023,No data,5212.222,No data,No data,No data
TW0006257009,SIGURD,"1,080,023,760.00",Semiconductors,2023,No data,15479.501,No data,No data,No data
TW0002363009,SILICON INTEGRAT,"1,273,327,078.00",Semiconductors,2023,No data,187.184,No data,No data,No data
US8269191024,SILICON LABS,"3,613,808,474.00",Semiconductors,2023,50.0,782.258,2018.0,0.003027,2025.0
US82706C1080,SILICON MOTI-ADR,"2,530,074,352.00",Semiconductors,2023,No data,639.142,No data,No data,No data
TW0003530002,SILICON OPTRONIC,"242,520,288.60",Semiconductors,2023,No data,1663.499,No data,No data,No data
TW0003288007,SILICON TOUCH,"11,266,883.38",Semiconductors,2023,No data,98.084,No data,No data,No data
DE000WAF3001,SILTRONIC AG,"2,214,000,000.00",Semiconductors,2023,50.0,1513.8,2021.0,0.23836,2030.0
TW0005483002,SINO-AMERICAN,"3,581,873,192.00",Semiconductors,2023,25.12000084,81965.952,2022.0,1.355964875,2030.0
US82982T1060,SITIME CORP,"2,711,302,638.00",Semiconductors,2023,No data,143.993,No data,No data,No data
TW0008016007,SITRONIX TECH,"970,058,724.00",Semiconductors,2023,No data,16722.891,No data,No data,No data
KR7000660001,SK HYNIX INC,"108,967,817,800.00",Semiconductors,2023,100.0,32765719.0,2020.0,7.548328,2050.0
JP3162640001,SK-ELEC,"204,987,687.20",Semiconductors,2023,No data,28113.01,No data,No data,No data
US83089J1088,SKYWATER TECHNOL,"361,991,141.20",Semiconductors,2023,No data,286.682,No data,No data,No data
US83088M1027,SKYWORKS SOLUTIO,"15,944,556,380.00",Semiconductors,2023,30.0,4772.4,2018.0,0.147048,2030.0
KYG8232Y1017,SMART GLOBAL HOL,"1,101,687,788.00",Semiconductors,2023,100.0,1441.25,2021.0,0.057984129,2030.0
KYG8020E1199,SMIC,"24,959,053,760.00",Semiconductors,2023,No data,6321.56,No data,No data,No data
DE0005178008,SOFTING AG,"43,523,721.18",Semiconductors,2023,No data,112.595,No data,No data,No data
FR0013227113,SOITEC,"3,931,924,450.20",Semiconductors,2023,25.20000076,977.913,2020.0,0.021077,2026.0
TW0005471007,SONIX TECH,"254,132,693.60",Semiconductors,2023,No data,2609.937,No data,No data,No data
TW0003055000,SPIROX,"297,279,437.20",Semiconductors,2023,No data,1342.715,No data,No data,No data
CNE100003RN6,STARPOWER SEMI-A,"2,902,344,224.00",Semiconductors,2023,No data,3662.965374,No data,No data,No data
NL0000226223,STMICROELECTRONI,"37,043,431,760.00",Semiconductors,2023,50.0,17286.0,2018.0,1.464111,2025.0
DE000A1K0235,SUESS MICROTEC S,"1,166,047,818.00",Semiconductors,2023,No data,304.262,No data,No data,No data
JP3322930003,SUMCO CORP,"5,124,122,074.00",Semiconductors,2023,100.0,425941.0,2014.0,0.821,2050.0
TW0002401007,SUNPLUS TECH,"607,133,917.40",Semiconductors,2023,No data,5535.421,No data,No data,No data
CNE000001P60,SUZHOU GOOD -A,"958,628,566.00",Semiconductors,2023,No data,4087.354533,No data,No data,No data
US87157D1090,SYNAPTICS INC,"3,478,814,850.00",Semiconductors,2023,15.0,1355.1,2019.0,0.00432447,2024.0
TW0001582005,SYNCMOLD,"481,181,613.80",Semiconductors,2023,No data,8769.537,No data,No data,No data
TW0002338001,TAIWAN MASK,"551,198,107.40",Semiconductors,2023,No data,7199.935,No data,No data,No data
TW0006278005,TAIWAN SURFACE,"996,769,592.00",Semiconductors,2023,No data,46496.015,No data,No data,No data
TW0002340007,TAIWAN-ASIA SEMI,"504,960,641.60",Semiconductors,2023,No data,3972.279,No data,No data,No data
JP3468000009,TAZMO,"309,513,351.20",Semiconductors,2023,No data,28161.419,No data,No data,No data
TW0004967005,TEAM GROUP,"347,255,303.00",Semiconductors,2023,No data,16566.276,No data,No data,No data
IT0005482333,TECHNOPROBE SPA,"6,078,592,395.35",Semiconductors,2023,No data,409.274,No data,No data,No data
US8807701029,TERADYNE INC,"21,541,034,640.00",Semiconductors,2023,42.0,2676.298,2021.0,0.031653,2025.0
TW0003030003,TEST RESEARCH,"1,235,167,360.00",Semiconductors,2023,No data,4435.101,No data,No data,No data
US8825081040,TEXAS INSTRUMENT,"167,021,431,400.00",Semiconductors,2023,25.0,17519.0,2015.0,2.832709,2025.0
CNE100000825,TIANSHUI HUATI-A,"3,442,477,602.00",Semiconductors,2023,No data,11298.24526,No data,No data,No data
KR7064760002,TOKAI CARBON KOR,"1,015,452,246.00",Semiconductors,2023,No data,226652.882,No data,No data,No data
JP3571400005,TOKYO ELECTRON,"97,818,974,400.00",Semiconductors,2023,100.0,1830527.0,2018.0,0.173794,2040.0
JP3571800006,TOKYO OHKA KOGYO,"3,390,934,412.00",Semiconductors,2023,No data,162270.0,No data,No data,No data
JP3580200008,TOKYO SEIMITSU,"2,972,719,604.00",Semiconductors,2023,No data,134680.0,No data,No data,No data
TW0006271000,TONG HSING,"942,170,260.00",Semiconductors,2023,No data,11584.909,No data,No data,No data
CNE1000006C3,TONGFU MICROEL-A,"4,591,446,804.00",Semiconductors,2023,No data,22269.28321,No data,No data,No data
TW0008021007,TOPOINT TECH,"132,877,689.60",Semiconductors,2023,No data,2748.486,No data,No data,No data
JP3637280003,TOREX SEMICONDU,"122,051,283.20",Semiconductors,2023,No data,25751.982,No data,No data,No data
JP3555700008,TOWA CORP,"1,720,000,456.00",Semiconductors,2023,No data,50471.799,No data,No data,No data
IL0010823792,TOWER SEMICONDCT,"3,984,807,290.00",Semiconductors,2023,No data,1422.68,No data,No data,No data
TW0002451002,TRANSCEND INFO,"1,512,229,530.00",Semiconductors,2023,No data,10496.172,No data,No data,No data
TW0002330008,TSMC,"688,558,138,600.00",Semiconductors,2023,100.0,2161735.841,2020.0,15.421696,2050.0
TW0002426004,TYNTEK,"165,879,350.20",Semiconductors,2023,No data,2267.637,No data,No data,No data
CH0033361673,U-BLOX HOLD AG,"789,573,445.00",Semiconductors,2023,No data,576.91,No data,No data,No data
US90385V1070,ULTRA CLEAN HOLD,"2,063,204,268.00",Semiconductors,2023,No data,1734.5,No data,No data,No data
JP3126190002,ULVAC INC,"3,150,760,904.00",Semiconductors,2023,40.0,227528.0,2019.0,0.093781,2030.0
TW0002303005,UMC,"20,413,626,660.00",Semiconductors,2023,100.0,222533.0,2020.0,2.051819,2050.0
TW0008277005,UNIFOSA,"38,780,012.02",Semiconductors,2023,No data,267.153,No data,No data,No data
CNE000001M14,UNIGROUP GUOXI-A,"6,405,439,982.00",Semiconductors,2023,No data,7565.36909,No data,No data,No data
KR7077500007,UNIQUEST CORP,"92,133,428.76",Semiconductors,2023,No data,665926.33,No data,No data,No data
MYL5005OO003,UNISEM (M) BHD,"1,383,600,532.00",Semiconductors,2023,No data,1439.686,No data,No data,No data
US91347P1057,UNIVERSAL DISPLA,"9,063,582,572.00",Semiconductors,2023,No data,576.429,No data,No data,No data
JP3829900004,V TECH CO LTD,"181,650,725.20",Semiconductors,2023,No data,37335.0,No data,No data,No data
TW0005347009,VANGUARD INTL,"5,421,483,756.00",Semiconductors,2023,70.0,38272.57,2021.0,1.223756,2040.0
US9224171002,VEECO INSTRUMENT,"2,464,586,930.00",Semiconductors,2023,No data,666.435,No data,No data,No data
CNE100004413,VERISILICON MI-A,"2,187,431,300.00",Semiconductors,2023,No data,2337.996409,No data,No data,No data
TW0002388006,VIA TECH,"1,566,501,752.00",Semiconductors,2023,No data,12639.087,No data,No data,No data
TW0006789001,VISERA TECHNOLOG,"3,113,218,022.00",Semiconductors,2023,100.0,7236.928,2018.0,0.023029361,2050.0
US9282981086,VISHAY INTERTECH,"2,951,307,918.00",Semiconductors,2023,No data,3402.045,No data,No data,No data
US92835K1034,VISHAY PRECI,"405,493,967.40",Semiconductors,2023,No data,355.048,No data,No data,No data
TW0002455003,VISUAL PHOTONICS,"817,297,419.40",Semiconductors,2023,No data,2694.104,No data,No data,No data
TW0006182009,WAFER WORKS,"595,038,324.20",Semiconductors,2023,No data,10047.814,No data,No data,No data
TW0008110008,WALTON ADVANCED,"295,404,629.60",Semiconductors,2023,No data,7276.069,No data,No data,No data
TW0002436003,WELTREND SEMI,"323,986,566.80",Semiconductors,2023,No data,2885.56,No data,No data,No data
CNE100002XM8,WILL SEMICONDU-A,"16,020,445,900.00",Semiconductors,2023,No data,21020.64162,No data,No data,No data
TW0003105003,WIN SEMI,"1,873,844,962.00",Semiconductors,2023,100.0,15836.498,2018.0,0.1657,2050.0
TW0002344009,WINBOND ELEC,"2,976,672,962.00",Semiconductors,2023,60.0,75006.078,2021.0,0.316044,2030.0
JP3154370005,WINTEST CORP,"22,816,389.80",Semiconductors,2023,No data,407.449,No data,No data,No data
US9778521024,WOLFSPEED INC,"3,371,102,200.00",Semiconductors,2023,50.0,921.9,2019.0,0.333019,2030.0
KR7030530000,WONIK HOLDINGS C,"189,298,557.00",Semiconductors,2023,No data,749527.05,No data,No data,No data
KR7240810002,WONIK IPS CO LTD,"1,186,427,970.00",Semiconductors,2023,No data,690337.587,No data,No data,No data
BE0974310428,X-FAB SILICON FO,"863,522,735.40",Semiconductors,2023,No data,906.786,No data,No data,No data
JP3990600003,YAC HOLDINGS CO,"137,120,773.60",Semiconductors,2023,No data,26809.0,No data,No data,No data
CNE100001R90,YANGZHOU YANGJ-A,"2,720,872,942.00",Semiconductors,2023,No data,5409.834952,No data,No data,No data
CNE100001DJ8,ZHEJIANG JINGS-A,"5,676,078,142.00",Semiconductors,2023,No data,17983.18571,No data,No data,No data
US29355A1079,ENPHASE ENERGY INC,"16,138,401,236.00",Semiconductors,2023,No data,2290.786,No data,No data,No data
US3364331070,FIRST SOLAR INC,"27,647,482,177.00",Semiconductors,2023,90.0,3318.602,2020.0,0.502271,2050.0
US88160R1014,TESLA INC,"541,584,362,139.92",Automobiles,2023,No data,96773.0,No data,No data,No data
CNE100000296,BYD COMPANY,"89,953,423,120.09",Automobiles,2023,No data,602315.354,No data,No data,No data
US50202M1027,LI AUTO INC -ADR,"17,891,881,780.77",Automobiles,2023,No data,123851.332,No data,No data,No data
US62914V1061,NIO INC - ADR,"8,451,964,085.30",Automobiles,2023,No data,55617.933,No data,No data,No data
US3453708600,FORD MOTOR CO,"44,583,333,333.33",Automobiles,2023,76.0,176191.0,2017.0,4.6448935,2035.0
US98422D1054,XPENG INC-ADR,"6,609,614,665.17",Automobiles,2023,No data,30676.067,No data,No data,No data
US7311052010,POLESTAR A-A ADS,"1,383,295,922.18",Automobiles,2023,No data,2461.896,No data,No data,No data
CNE100005K77,ZHEJIANG LEAPMOT,"4,326,328,095.77",Automobiles,2023,No data,16746.689,No data,No data,No data
CNE100001TJ4,BAIC MOTOR-H,"2,074,962,588.85",Automobiles,2023,No data,197949.177,No data,No data,No data
US5494981039,LUCID GROUP INC,"5,480,882,903.11",Automobiles,2023,No data,595.271,No data,No data,No data
TH3545010003,ENERGY ABSOLUTE,"1,664,038,533.48",Automobiles,2023,No data,30074.43723,No data,No data,No data
INE260D01016,OLECTRA GREENTEC,"1,619,304,152.64",Automobiles,2023,No data,11541.354,No data,No data,No data
US0395872098,ARCIMOTO INC,"1,172,755.33",Automobiles,2023,No data,6.557526,No data,No data,No data
US54405Q2093,NU RIDE INC,"24,087,261.50",Automobiles,2023,No data,2.34,No data,No data,No data
US3073597037,FARADAY FUTURE I,"167,343,808.45",Automobiles,2023,No data,0.784,No data,No data,No data
CA35954F1080,FUELPOSITIVE COR,"19,271,698.47",Automobiles,2023,No data,0.0,No data,No data,No data
SGXZ55111462,VINFAST AUTO LTD,"9,424,055,368.50",Automobiles,2023,No data,1204.791861,No data,No data,No data
US5949181045,MICROSOFT CORP,3.13868E+12,Software and Tech Services,2023,75.0,211915.0,2013.0,0.920143,2045.0
US0231351067,AMAZON.COM INC,1.88179E+12,Software and Tech Services,2023,100.0,574785.0,2018.0,44.4,2040.0
US68389X1054,ORACLE CORP,"355,788,736,340,712",Software and Tech Services,2023,100.0,52961.0,2020.0,0.359,2025.0
US02079K3059,ALPHABET INC-A,2.13076E+12,Software and Tech Services,2023,50.0,307394.0,2019.0,12.528,2030.0
US01609W1027,ALIBABA GRP-ADR,1.67514E+11,Software and Tech Services,2023,No data,941168.0,No data,No data,No data
US4592001014,IBM,"147,454,936,023,162",Software and Tech Services,2023,65.0,61860.0,2010.0,1.175,2025.0
US81762P1021,SERVICENOW INC,"144,346,689,081,909",Software and Tech Services,2023,70.0,8971.0,2019.0,0.016152,2026.0
SE0000108656,ERICSSON LM-B,"190,610,815,354,441",Software and Tech Services,2023,90.0,263351.0,2020.0,30.036162,2040.0
US6974351057,PALO ALTO NETWOR,"983,646,212,758,009",Software and Tech Services,2023,100.0,6892.7,2021.0,1.016264,2040.0
FR0000051732,ATOS SE,"1,248,865,228,355",Software and Tech Services,2023,No data,10693.0,No data,No data,No data
US34959E1091,FORTINET INC,"414,611,002,148,127",Software and Tech Services,2023,100.0,5304.8,2020.0,0.0034271,2030.0
US90138F1021,TWILIO INC - A,"88,279,630,148,501",Software and Tech Services,2023,No data,4153.945,No data,No data,No data
US00971T1016,AKAMAI TECHNOLOG,"125,799,943,961,894",Software and Tech Services,2023,100.0,3811.92,2019.0,0.1608,2030.0
US6687711084,GEN DIGITAL INC,"141,463,528,532,736",Software and Tech Services,2023,No data,3812.0,No data,No data,No data
FR0000121329,THALES SA,"319,563,836,742,318",Software and Tech Services,2023,50.40000153,18428.4,2018.0,0.253,2030.0
US22788C1053,CROWDSTRIKE HO-A,"86,454,749,229,476",Software and Tech Services,2023,No data,3055.555,No data,No data,No data
US7501021056,RACKSPACE TECHNO,"6,000,289,530,214",Software and Tech Services,2023,No data,2957.1,No data,No data,No data
JP3877600001,MARUBENI CORP,"288,935,275,987,672",Software and Tech Services,2023,100.0,7250515.0,2020.0,37.083696,2050.0
US8334451098,SNOWFLAKE INC-A,"403,779,770,243,766",Software and Tech Services,2023,No data,2806.489,No data,No data,No data
US26210C1045,DROPBOX INC-A,"67,290,464,182,311",Software and Tech Services,2023,No data,2501.6,No data,No data,No data
US23804L1035,DATADOG INC-A,"384,859,437,751,004",Software and Tech Services,2023,No data,2128.359,No data,No data,No data
JP3816600005,FUJI SOFT INC,"27,623,143,737,742",Software and Tech Services,2023,No data,298855.0,No data,No data,No data
US67059N1081,NUTANIX INC - A,"126,648,921,266,461",Software and Tech Services,2023,No data,1862.895,No data,No data,No data
US88076W1036,TERADATA CORP,"30,634,724,946,297",Software and Tech Services,2023,34.0,1833.0,2021.0,0.01138934,2025.0
JP3637300009,TREND MICRO INC,"52,496,497,618,381",Software and Tech Services,2023,No data,248691.0,No data,No data,No data
US60937P1066,MONGODB INC,"164,773,512,655,272",Software and Tech Services,2023,No data,1683.011,No data,No data,No data
US98980G1022,ZSCALER INC,"252,578,686,840,385",Software and Tech Services,2023,100.0,1616.952,2021.0,0.030022,2025.0
JP3689500001,ORACLE CORP JPN,"83,754,553,096,105",Software and Tech Services,2023,No data,244542.0,No data,No data,No data
IL0002730112,NICE LTD,"97,021,574,670,776",Software and Tech Services,2023,No data,2377.508,No data,No data,No data
IL0010824113,CHECK POINT SOFT,"17,107,032,782,292",Software and Tech Services,2023,No data,2414.7,No data,No data,No data
US2681501092,DYNATRACE INC,"121,496,217,427,851",Software and Tech Services,2023,No data,1430.53,No data,No data,No data
US18915M1071,CLOUDFLARE INC-A,"251,599,887,923,788",Software and Tech Services,2023,No data,1296.745,No data,No data,No data
US98980F1049,ZOOMINFO TECH,"43,932,941,066,592",Software and Tech Services,2023,100.0,1239.5,2022.0,0.000773,2025.0
US70438V1061,PAYLOCITY HOLDIN,"69,570,654,711,871",Software and Tech Services,2023,No data,1174.598,No data,No data,No data
US10316T1043,BOX INC- CLASS A,"34,795,927,897,637",Software and Tech Services,2023,No data,1037.741,No data,No data,No data
JP3400400002,SCSK CORP,"57,967,684,692,257",Software and Tech Services,2023,47.0,480307.0,2019.0,0.046781,2030.0
US49639K1016,KINGSOFT CLO-ADR,"6,302,456,336,976",Software and Tech Services,2023,No data,7047.461,No data,No data,No data
FI0009000277,TIETOEVRY OYJ,"21,294,013,262,352",Software and Tech Services,2023,98.0,2851.4,2020.0,0.010042,2036.0
CA53229C1077,LIGHTSPEED COMME,"19,367,890,165,312",Software and Tech Services,2023,No data,909.27,No data,No data,No data
CNE1000041K3,QI AN XIN TECH-A,"22,143,364,154,292",Software and Tech Services,2023,No data,6442.487305,No data,No data,No data
NO0004822503,ATEA ASA,"15,193,331,465,397",Software and Tech Services,2023,72.0,34704.0,2015.0,0.320746,2040.0
JP3544000007,TEIJIN LTD,"15,679,181,843,654",Software and Tech Services,2023,30.0,1032773.0,2018.0,1.481,2030.0
US2041661024,COMMVAULT SYSTEM,"48,547,959,278,976",Software and Tech Services,2023,No data,839.247,No data,No data,No data
US92511U1025,VERRA MOBILITY C,"42,739,329,410,666",Software and Tech Services,2023,No data,817.31,No data,No data,No data
DE000A2GS401,SOFTWARE AG,2687456804,Software and Tech Services,2023,No data,1000.29,No data,No data,No data
US88025T1025,TENABLE HOLDINGS,"45,650,975,997,011",Software and Tech Services,2023,No data,798.71,No data,No data,No data
US83417Q2049,SOLARWINDS CORP,"18,457,644,531,615",Software and Tech Services,2023,No data,758.74,No data,No data,No data
IL0011334468,CYBERARK SOFTWAR,"103,849,817,876,156",Software and Tech Services,2023,No data,751.888,No data,No data,No data
US7534221046,RAPID7 INC,"23,603,810,591,202",Software and Tech Services,2023,No data,777.707,No data,No data,No data
US85917T1097,STERLING CHECK C,"13,238,068,553,283",Software and Tech Services,2023,No data,719.64,No data,No data,No data
JP3173400007,OBIC CO LTD,"120,751,844,587,653",Software and Tech Services,2023,50.0,111590.0,2017.0,0.002681,2030.0
CNE100003PM2,BEIJING KINGSO-A,"148,377,696,833,847",Software and Tech Services,2023,No data,4555.968287,No data,No data,No data
CNE100000QJ2,VENUSTECH GROU-A,"27,883,534,136,546",Software and Tech Services,2023,No data,4506.91213,No data,No data,No data
US81730H1095,SENTINELONE IN-A,"56,017,091,622,303",Software and Tech Services,2023,No data,621.154,No data,No data,No data
US05988J1034,BANDWIDTH INC-A,"3,932,474,082,376",Software and Tech Services,2023,No data,601.117,No data,No data,No data
CA09228F1036,BLACKBERRY LTD,"12,238,161,950,126",Software and Tech Services,2023,No data,853.0,No data,No data,No data
US4181001037,HASHICORP I-CL A,"6,288,979,172,504",Software and Tech Services,2023,No data,583.137,No data,No data,No data
FR0000063737,AUBAY,"5,130,185,859,718",Software and Tech Services,2023,No data,534.116,No data,No data,No data
US74758T3032,QUALYS INC,"47,492,855,141,496",Software and Tech Services,2023,No data,554.458,No data,No data,No data
CNE1000009B9,TOPSEC TECHNOL-A,"7,553,133,464,089",Software and Tech Services,2023,No data,3124.493701,No data,No data,No data
US31188V1008,FASTLY INC -CL A,"898,163,818,063",Software and Tech Services,2023,No data,505.988,No data,No data,No data
US9222801022,VARONIS SYSTEMS,"45,248,995,983,936",Software and Tech Services,2023,No data,499.16,No data,No data,No data
CNE100000ZD6,WONDERS INFORM-A,"9,105,650,509,013",Software and Tech Services,2023,No data,2458.573579,No data,No data,No data
US98983V1061,ZUORA INC -CL A,"12,766,974,876,249",Software and Tech Services,2023,No data,431.661,No data,No data,No data
CH0012268360,KUDELSKI SA-BR,"839,841,225,367",Software and Tech Services,2023,No data,750.835,No data,No data,No data
GB00B01QGK86,NCC GROUP PLC,"5,570,953,581,769",Software and Tech Services,2023,No data,335.1,No data,No data,No data
US98585N1063,YEXT INC,"572,556,271,598",Software and Tech Services,2023,No data,404.322,No data,No data,No data
JP3346200003,COMPUTER ENG&CON,"4,699,486,317,362",Software and Tech Services,2023,46.0,53124.026,2016.0,0.009282,2030.0
US81374A1051,SECUREWORKS CO-A,"5,375,016,344,448",Software and Tech Services,2023,No data,365.879,No data,No data,No data
JP3346300001,CAC HOLDINGS COR,"2,313,047,538,993",Software and Tech Services,2023,No data,50539.0,No data,No data,No data
US53261M2035,EDGIO INC,"529,917,810,778",Software and Tech Services,2023,No data,338.598,No data,No data,No data
FR0011040500,AXWAY SOFTWARE S,"5,605,715,886,803",Software and Tech Services,2023,No data,318.976,No data,No data,No data
KR7035420009,NAVER CORP,"184,203,791,911,833",Software and Tech Services,2023,100.0,9670643.577,2020.0,0.079907,2040.0
FR0000071797,INFOTEL,"3,004,165,499,206",Software and Tech Services,2023,No data,307.547,No data,No data,No data
TW0006689003,ECLOUDVALLEY,"2,068,282,432,054",Software and Tech Services,2023,No data,9818.613,No data,No data,No data
DE0005419105,CANCOM AG,"11,635,191,930,513",Software and Tech Services,2023,No data,1522.733,No data,No data,No data
US12468P1049,C3.AI INC-A,"32,221,537,312,039",Software and Tech Services,2023,No data,310.582,No data,No data,No data
US91544A1097,UPLAND SOFTWARE,"675,197,534,323",Software and Tech Services,2023,No data,297.852,No data,No data,No data
JP3545130001,TECHMATRIX CORP,"5,007,779,957,037",Software and Tech Services,2023,No data,53303.317,No data,No data,No data
JP3539000004,TDC SOFT INC,"3,614,794,059,961",Software and Tech Services,2023,No data,39698.05,No data,No data,No data
DE000A288904,COMPUGROUP MEDIC,"13,386,195,946,577",Software and Tech Services,2023,No data,1187.663,No data,No data,No data
CNE000001BB0,CHINA NATIONAL-A,"32,334,921,079,668",Software and Tech Services,2023,No data,6723.270237,No data,No data,No data
IT0005037210,TINEXTA SPA,"7,703,072,756,141",Software and Tech Services,2023,No data,395.777,No data,No data,No data
FR0012882389,EQUASENS,"8,349,668,441,207",Software and Tech Services,2023,No data,219.788,No data,No data,No data
CNE100001S32,NSFOCUS TECHNO-A,"5,525,889,604,931",Software and Tech Services,2023,No data,1680.784352,No data,No data,No data
INE356A01018,MPHASIS LTD,"51,195,106,005,417",Software and Tech Services,2023,100.0,132785.15,2021.0,0.021612,2022.0
JP3100700008,ISB CORP,"956,794,620,342",Software and Tech Services,2023,No data,32388.135,No data,No data,No data
US90114C1071,TUYA INC,"9,445,035,957,785",Software and Tech Services,2023,No data,229.99,No data,No data,No data
JP3712500002,NSW INC,"2,901,718,501,915",Software and Tech Services,2023,50.0,50299.0,2013.0,0.01424,2030.0
BE0974371032,UNIFIEDPOST GROU,"1,040,169,982,255",Software and Tech Services,2023,No data,191.385,No data,No data,No data
JP3126330004,ALPHA SYSTEMS,"2,638,619,594,658",Software and Tech Services,2023,No data,36383.278,No data,No data,No data
SE0015961222,PROACT IT GROUP,"3,793,854,487,718",Software and Tech Services,2023,No data,4847.315,No data,No data,No data
GB00BMTV7393,THG PLC,"9,837,676,286,542",Software and Tech Services,2023,No data,2045.378,No data,No data,No data
US68287N1000,ONESPAN INC,"4,464,266,367,797",Software and Tech Services,2023,No data,235.106,No data,No data,No data
SE0016101844,SINCH AB,"18,708,228,261,885",Software and Tech Services,2023,No data,28745.0,No data,No data,No data
US10921T1016,BRIGHTCOVE,"949,360,231,624",Software and Tech Services,2023,No data,201.187,No data,No data,No data
JP3305560009,COMTURE CORP,"3,345,643,037,265",Software and Tech Services,2023,No data,34185.0,No data,No data,No data
US7433121008,PROGRESS SOFTWAR,"2,217,614,644,625",Software and Tech Services,2023,No data,694.439,No data,No data,No data
JP3310250000,SERVERWORKS CO L,"1,458,475,763,519",Software and Tech Services,2023,No data,27510.746,No data,No data,No data
CNE000000KJ6,NEUSOFT CORP-A,"13,023,816,195,013",Software and Tech Services,2023,No data,10543.67178,No data,No data,No data
US22207T1016,COUCHBASE INC,"8,265,162,977,491",Software and Tech Services,2023,No data,180.037,No data,No data,No data
JP3284000001,CORE CORP,"168,423,461,287",Software and Tech Services,2023,No data,23998.562,No data,No data,No data
US94724R1086,WEAVE COMMUNICAT,"5,845,540,300,738",Software and Tech Services,2023,No data,170.468,No data,No data,No data
IT0001454435,TXT E-SOLUTIONS,"3,122,956,944,055",Software and Tech Services,2023,No data,224.39375,No data,No data,No data
SA0007879543,SAUDI TELECOM CO,"461,806,294,947,231",Software and Tech Services,2023,50.0,72336.611,2019.0,0.323388,2027.0
JP3105010007,I-NET CORP,"204,708,134,865",Software and Tech Services,2023,No data,37763.384,No data,No data,No data
CNE100000M47,TAIJI COMPUTER-A,"17,466,704,025,404",Software and Tech Services,2023,No data,9194.617319,No data,No data,No data
FI4000519228,WITHSECURE OYJ,"1,765,331,091,809",Software and Tech Services,2023,No data,142.812,No data,No data,No data
FI4000519236,F-SECURE CORP,"3,362,277,015,037",Software and Tech Services,2023,No data,130.371,No data,No data,No data
US1263271058,CS DISCO INC,"3,209,694,592,323",Software and Tech Services,2023,No data,138.09,No data,No data,No data
JP3546300009,TERRASKY CO LTD,"1,518,492,574,951",Software and Tech Services,2023,No data,19137.184,No data,No data,No data
JP3152750000,GMO INTERNET GRO,"15,667,040,254,039",Software and Tech Services,2023,No data,258643.0,No data,No data,No data
US92347M1009,VERITONE INC,"956,280,937,704",Software and Tech Services,2023,No data,127.56,No data,No data,No data
JP3436300002,SOLITON SYSTEMS,"1,422,882,226,581",Software and Tech Services,2023,No data,19058.0,No data,No data,No data
JP3351050004,SYSTENA,"8,204,072,102,363",Software and Tech Services,2023,No data,76940.0,No data,No data,No data
AU0000119307,NUIX LTD,"5,991,622,303,166",Software and Tech Services,2023,No data,182.465,No data,No data,No data
JP3601600004,TOHO SCIENCE CO,"1,939,413,467,825",Software and Tech Services,2023,No data,15446.314,No data,No data,No data
JP3108060009,ACCESS CO LTD,"3,036,322,032,315",Software and Tech Services,2023,No data,16573.512,No data,No data,No data
ES0105102000,AGILE CONTENT SA,"877,638,927,804",Software and Tech Services,2023,No data,102.5656216,No data,No data,No data
AU000000MP15,MEGAPORT LTD,"11,686,653,591,109",Software and Tech Services,2023,No data,153.083,No data,No data,No data
JP3272600002,CROSS CAT CO LTD,"1,417,642,663,678",Software and Tech Services,2023,No data,14931.704,No data,No data,No data
JP3351070002,SYSTEM RESEARCH,"1,618,361,819,371",Software and Tech Services,2023,No data,23320.409,No data,No data,No data
JP3436400000,SOLXYZ CO LTD,"505,170,449,239",Software and Tech Services,2023,No data,15883.837,No data,No data,No data
KR7112040001,WEMADE CO LTD,"9,740,356,775,941",Software and Tech Services,2023,No data,605252.4283,No data,No data,No data
CNE100000QL8,SHENZHEN INFO-A,"7,727,402,633,791",Software and Tech Services,2023,No data,1015.145174,No data,No data,No data
JP3765250000,HIMACS LTD,"1,013,860,091,529",Software and Tech Services,2023,42.0,17357.0,2020.0,0.00012789,2030.0
JP3311540003,CYBERLINKS CO LT,"547,544,596,993",Software and Tech Services,2023,No data,15023.0,No data,No data,No data
JP3549020000,DIGITAL ARTS INC,"3,541,085,271,318",Software and Tech Services,2023,No data,11512.0,No data,No data,No data
FR0000072597,IT LINK SA,"498,464,555,898",Software and Tech Services,2023,No data,73.321,No data,No data,No data
CNE100002PW3,SI-TECH INFORM-A,"3,991,640,982,535",Software and Tech Services,2023,No data,870.4937226,No data,No data,No data
JP3431200009,SOURCENEXT CORP,"1,728,075,091,062",Software and Tech Services,2023,No data,11334.366,No data,No data,No data
JP3910700008,MIROKU JYOHO SER,"4,044,783,786,308",Software and Tech Services,2023,No data,43971.0,No data,No data,No data
JP3386040004,GMO GLOBALSIGN H,"2,042,654,338,283",Software and Tech Services,2023,No data,17499.962,No data,No data,No data
IT0005412504,CY4GATE SPA,"1,327,692,164,005",Software and Tech Services,2023,No data,66.489053,No data,No data,No data
JP3801470000,PCI HOLDINGS INC,"576,678,808,256",Software and Tech Services,2023,No data,28491.409,No data,No data,No data
FR0004050250,NEURONES,"9,971,046,978,612",Software and Tech Services,2023,No data,741.175,No data,No data,No data
FR0010291245,VERIMATRIX SA,"297,384,888,391",Software and Tech Services,2023,No data,61.634,No data,No data,No data
US75704L1044,RED VIOLET INC,"3,098,253,479,032",Software and Tech Services,2023,No data,60.204,No data,No data,No data
JP3422190003,SYSTEMS ENGINEER,"1,324,507,331,652",Software and Tech Services,2023,No data,8534.531,No data,No data,No data
SE0007604061,CYBER SECURITY 1,"172,295,694,406",Software and Tech Services,2023,No data,52.905,No data,No data,No data
MX01ID000009,IDEAL-B1,"56,853,366,956,197",Software and Tech Services,2023,No data,27309.733,No data,No data,No data
CNE100000MJ1,CHINA TRANSINF-A,"19,330,811,618,567",Software and Tech Services,2023,No data,7793.720542,No data,No data,No data
JP3152790006,INTAGE HOLDINGS,"3,609,741,290,744",Software and Tech Services,2023,No data,61387.014,No data,No data,No data
AU000000IRI3,INTEGRATED RESEA,"965,760,717,288",Software and Tech Services,2023,No data,69.828,No data,No data,No data
US2480191012,DELUXE CORP,"8,985,037,825,721",Software and Tech Services,2023,No data,2192.26,No data,No data,No data
JP3651400008,NAMURA SHIPBUILD,"9,175,128,420,659",Software and Tech Services,2023,No data,135006.0,No data,No data,No data
JP3120110006,ASCENTECH KK,"442,259,269,637",Software and Tech Services,2023,No data,6226.367,No data,No data,No data
JP3346970001,CTS CO LTD,"2,058,148,874,568",Software and Tech Services,2023,No data,11090.0,No data,No data,No data
SE0005851706,IAR SYSTEMS GROU,"2,015,653,310,918",Software and Tech Services,2023,No data,458.1,No data,No data,No data
CNE000000DM5,ADDSINO CO LTD-A,"12,180,442,701,037",Software and Tech Services,2023,No data,1862.575225,No data,No data,No data
SE0012313302,NORDIC LEVEL GRO,"151,381,339,311",Software and Tech Services,2023,No data,361.946,No data,No data,No data
JP3852000003,HOTTO LINK INC,"337,844,400,859",Software and Tech Services,2023,No data,4739.514,No data,No data,No data
JP3350930008,SYSTEM INTEGRATO,"238,932,474,082",Software and Tech Services,2023,No data,4835.591,No data,No data,No data
JP3201900002,ORO CO LTD,"2,468,291,771,738",Software and Tech Services,2023,50.0,7033.155,2021.0,0.000242,2030.0
GB00BN4M3M55,TIALIS ESSENTIAL,"150,927,430,653",Software and Tech Services,2023,No data,22.412,No data,No data,No data
ES0105093001,GIGAS HOSTING SA,"821,311,291,678",Software and Tech Services,2023,No data,66.721029,No data,No data,No data
JP3271100004,CRESCO LTD,"3,381,498,085,365",Software and Tech Services,2023,No data,52755.89,No data,No data,No data
JP3772000000,HAMEE CORP,"1,099,215,466,517",Software and Tech Services,2023,No data,17612.068,No data,No data,No data
ES0105509006,SOLUCIONES CUATR,"321,333,706,921",Software and Tech Services,2023,No data,22.406369,No data,No data,No data
JP3977060007,LINK-U GROUP INC,"486,934,715,607",Software and Tech Services,2023,No data,3129.985,No data,No data,No data
SE0000141137,PRECIO FISHBONE,"216,628,373,961",Software and Tech Services,2023,No data,213.491394,No data,No data,No data
CNE100001120,SDIC INTELLIG-A,"12,645,745,773,793",Software and Tech Services,2023,No data,1983.72294,No data,No data,No data
JP3159930001,WITZ CORP,"200,765,854,114",Software and Tech Services,2023,No data,2501.479,No data,No data,No data
JP3351000009,SYSTEMSOFT CORP,"34,028,579,434",Software and Tech Services,2023,No data,3390.566,No data,No data,No data
JP3168300006,ENCOURAGE TECHNO,"259,629,214,533",Software and Tech Services,2023,No data,2498.144,No data,No data,No data
MT0000400102,RS2 SOFTWARE PLC,"1,857,298,963,295",Software and Tech Services,2023,No data,39.671991,No data,No data,No data
SE0009697220,ENEA AB,"140,644,438,218",Software and Tech Services,2023,No data,912.678,No data,No data,No data
JP3630000002,TOBILA SYSTEMS I,"499,290,183,992",Software and Tech Services,2023,No data,2061.211,No data,No data,No data
JP3400090001,SMARTVALUE CO LT,"249,582,516,111",Software and Tech Services,2023,No data,3873.348,No data,No data,No data
JP3758230001,NEOJAPAN INC,"1,442,766,414,495",Software and Tech Services,2023,No data,6615.676,No data,No data,No data
IT0001498481,FIDIA SPA,"207,862,146,259",Software and Tech Services,2023,No data,28.606,No data,No data,No data
NO0012861667,ARRIBATEC GROUP,"267,161,669,936",Software and Tech Services,2023,No data,572.98,No data,No data,No data
CNE100000VR5,TONGDING INTER-A,"5,452,899,971,981",Software and Tech Services,2023,No data,3348.926835,No data,No data,No data
US3061372096,FALCONSTOR SOFTW,"113,748,015,317",Software and Tech Services,2023,No data,10.052248,No data,No data,No data
CNE1000010B7,BEIJING JETSEN-A,"12,973,288,502,849",Software and Tech Services,2023,No data,2800.393365,No data,No data,No data
DE000A2E4SV8,CYAN AG,"473,866,629,308",Software and Tech Services,2023,No data,4.716,No data,No data,No data
DK0061549052,MAPSPEOPLE A/S,"247,918,184,365",Software and Tech Services,2023,No data,40.548,No data,No data,No data
JP3130230000,E-GUARDIAN INC,"1,384,001,120,762",Software and Tech Services,2023,No data,11909.152,No data,No data,No data
KYG5264Y1089,KINGSOFT CORP,"3,699,794,526,945",Software and Tech Services,2023,No data,8533.611,No data,No data,No data
JP3346170008,COMPUTER INSTITU,"1,813,458,485,103",Software and Tech Services,2023,46.0,22859.362,2018.0,0.0003263,2030.0
JP3268870007,KLAB INC,"622,920,519,286",Software and Tech Services,2023,No data,10717.075,No data,No data,No data
KR7000390005,SAMHWA PAINTS IN,"1,463,920,799,477",Software and Tech Services,2023,No data,631381.8758,No data,No data,No data
JP3101100000,IK HOLDINGS,"193,188,568,226",Software and Tech Services,2023,No data,14179.066,No data,No data,No data
GB0033600353,GOOD ENERGY GROU,"547,114,037,546",Software and Tech Services,2023,No data,254.703,No data,No data,No data
GRS802003004,NEUROSOFT,"159,978,518,726",Software and Tech Services,2023,No data,27.274006,No data,No data,No data
DK0010270347,NORTH MEDIA AS,"1,555,020,080,321",Software and Tech Services,2023,No data,949.1,No data,No data,No data
GB00BYYX6C66,CERILLION PLC,"5,575,109,741,291",Software and Tech Services,2023,No data,39.17,No data,No data,No data
DK0061113511,KONSOLIDATOR A/S,"110,589,334,081",Software and Tech Services,2023,No data,19.169,No data,No data,No data
NZVGLE0003S1,VISTA GROUP INTE,311185205.9,Software and Tech Services,2023,No data,143.0,No data,No data,No data
JP3802950000,FIXSTARS CORP,"3,859,783,319,324",Software and Tech Services,2023,No data,7038.276,No data,No data,No data
JP3564600009,TOKAI SENKO KK,"174,809,937,424",Software and Tech Services,2023,No data,13215.412,No data,No data,No data
JP3765220003,HYPER INC,"187,443,728,402",Software and Tech Services,2023,No data,11397.375,No data,No data,No data
JP3765120005,HARD OFF CORP,"1,674,297,188,755",Software and Tech Services,2023,No data,30105.147,No data,No data,No data
JP3713400004,SUNNEXTA GROUP I,"670,992,808,443",Software and Tech Services,2023,No data,8347.243,No data,No data,No data
US92823T2078,VIRNETX HOLDING,"236,507,892,033",Software and Tech Services,2023,No data,0.007,No data,No data,No data
JP3654100001,NEEDS WELL INC,"955,851,312,226",Software and Tech Services,2023,No data,8761.59,No data,No data,No data
IT0005440893,WIIT SPA,"6,055,290,931,167",Software and Tech Services,2023,No data,128.922399,No data,No data,No data
US26253C2017,DSS INC,"114,182,310,638",Software and Tech Services,2023,No data,30.258,No data,No data,No data
FR0014005DA7,EXCLUSIVE NETWOR,"17,939,105,258,242",Software and Tech Services,2023,No data,1559.0,No data,No data,No data
NO0012916131,TECHSTEP ASA,"282,849,537,686",Software and Tech Services,2023,No data,1089.491,No data,No data,No data
US00676P1075,ADEIA INC,"10,975,436,630,242",Software and Tech Services,2023,No data,388.788,No data,No data,No data
IT0005433740,RELATECH SPA,"1,066,984,215,934",Software and Tech Services,2023,No data,91.023833,No data,No data,No data
CNE0000001Y0,CHINA SECURITY-A,"8,756,934,715,607",Software and Tech Services,2023,No data,2858.122182,No data,No data,No data
SGXZ19450089,KAROOOOO LTD,"9,383,300,644,438",Software and Tech Services,2023,No data,4205.511,No data,No data,No data
